Registration number,Course ID,Grade,Semester ending date
E/16/113,CE207,C-,4/9/2021
E/16/113,EE281,A-,4/9/2021
E/16/113,CE301,E,3/29/2022
E/16/113,EE280,C,11/26/2019
E/16/113,ME211,C,11/26/2019
E/16/113,EM212,A,9/4/2021
E/16/113,CE301,E,2/10/2023
E/16/113,PR410,B+,3/8/2023
E/16/113,CE201,C+,11/26/2019
E/16/113,ME213,B+,11/26/2019
E/16/113,EM211,B,11/26/2019
E/16/113,PR518,C,2/10/2023
E/16/113,PR204,B-,11/26/2019
E/16/113,PR314,C,3/29/2022
E/16/113,PR206,C,4/8/2022
E/16/113,PR404,C-,3/8/2023
E/16/113,PR316,C,12/9/2021
E/16/113,PR315,C,3/29/2022
E/16/113,PR206,C-,4/9/2021
E/16/113,PR516,B-,3/8/2023
E/16/113,EM527,B+,12/9/2021
E/16/113,PR521,B,2/10/2023
E/16/113,PR515,C,12/9/2021
E/16/113,ME209,B,4/9/2021
E/16/113,PR408,C-,3/8/2023
E/16/113,PR205,B-,4/9/2021
E/16/113,PR409,B+,2/10/2023
E/16/113,ME321,C-,3/29/2022
E/16/113,ME302,B+,12/9/2021
E/16/113,PR517,C+,3/8/2023
E/16/121,PR204,B,11/26/2019
E/16/121,PR515,B+,12/9/2021
E/16/121,PR205,B+,4/9/2021
E/16/121,ME213,B-,11/26/2019
E/16/121,EM211,B+,11/26/2019
E/16/121,ME321,C,3/29/2022
E/16/121,PR404,B-,3/8/2023
E/16/121,PR316,B-,12/9/2021
E/16/121,PR206,B-,4/9/2021
E/16/121,ME211,C,11/26/2019
E/16/121,CE301,D+,3/29/2022
E/16/121,ME302,A-,12/9/2021
E/16/121,PR408,B,3/8/2023
E/16/121,CE207,B,4/9/2021
E/16/121,PR410,A+,3/8/2023
E/16/121,EM527,B-,12/9/2021
E/16/121,EE280,C+,11/26/2019
E/16/121,EE380,C+,3/29/2022
E/16/121,EE281,A-,4/9/2021
E/16/121,CE201,D,11/26/2019
E/16/121,EM526,C,3/29/2022
E/16/121,ME209,B,4/9/2021
E/16/121,PR517,B+,3/8/2023
E/16/121,EM212,A-,9/4/2021
E/16/121,PR516,A-,3/8/2023
E/16/121,PR409,B+,2/10/2023
E/16/121,PR317,B-,12/9/2021
E/16/121,PR411,A,2/10/2023
E/16/121,CE201,D+,7/8/2022
E/16/121,EM213,D+,11/26/2019
E/16/121,PR509,C,12/9/2021
E/16/121,PR315,B,3/29/2022
E/16/121,PR314,B,3/29/2022
E/16/150,EM213,C-,7/8/2022
E/16/150,ME321,E,2/10/2023
E/16/150,PR408,B,3/8/2023
E/16/150,PR411,A+,2/10/2023
E/16/150,PR513,B+,12/9/2021
E/16/150,CE207,C-,4/9/2021
E/16/150,PR509,A-,12/9/2021
E/16/150,PR205,C+,4/9/2021
E/16/150,EE380,C-,3/29/2022
E/16/150,ME321,D+,3/29/2022
E/16/150,PR516,A+,3/8/2023
E/16/150,CE201,C,7/8/2022
E/16/150,EM527,B,3/8/2023
E/16/150,PR206,B+,4/9/2021
E/16/150,PR315,B-,3/29/2022
E/16/219,PR518,B-,2/10/2023
E/16/219,PR409,B,2/10/2023
E/16/219,PR315,C,9/19/2022
E/16/219,EE380,B+,3/29/2022
E/16/219,EE280,B,11/26/2019
E/16/219,CE301,C,9/19/2022
E/16/219,CE301,D+,3/29/2022
E/16/219,EE281,A,4/9/2021
E/16/219,ME213,B+,11/26/2019
E/16/219,PR204,C+,11/26/2019
E/16/219,PR316,D+,12/9/2021
E/16/219,PR314,B-,3/29/2022
E/16/219,PR410,A-,3/8/2023
E/16/219,CE207,C+,4/9/2021
E/16/219,ME302,A-,12/9/2021
E/16/219,ME209,B,4/9/2021
E/16/219,ME321,C-,3/29/2022
E/16/219,EM211,A+,11/26/2019
E/16/219,EM312,C+,2/10/2023
E/16/219,PR317,C,12/9/2021
E/16/219,PR408,C+,3/8/2023
E/16/219,PR205,A,4/9/2021
E/16/219,EM527,B,2/10/2023
E/16/219,PR315,C-,3/29/2022
E/16/219,PR519,B,3/8/2023
E/16/219,PR206,C,4/9/2021
E/16/219,ME211,C,11/26/2019
E/16/219,CE201,C+,11/26/2019
E/16/220,PR410,C,3/8/2023
E/16/220,PR408,C-,3/8/2023
E/16/220,EE281,C,4/9/2021
E/16/220,CE301,E,3/29/2022
E/16/220,PR516,C+,3/8/2023
E/16/220,EE380,C+,3/29/2022
E/16/220,PR517,C+,3/8/2023
E/16/220,EM212,B,9/4/2021
E/16/220,ME321,D,9/19/2022
E/16/220,CE207,C-,4/9/2021
E/16/220,PR411,B-,2/10/2023
E/16/220,ME321,E,3/29/2022
E/16/220,EE280,D+,11/26/2019
E/16/220,EM527,B,12/9/2021
E/16/220,ME209,B-,4/9/2021
E/16/220,EM213,D+,11/26/2019
E/16/220,PR521,B,2/10/2023
E/16/220,ME321,E,2/10/2023
E/16/220,CE207,E,4/8/2022
E/16/220,ME211,D,11/26/2019
E/16/220,CE201,C,9/21/2022
E/16/220,ME213,C,11/26/2019
E/16/220,EM526,C,12/9/2021
E/16/220,EM211,B-,11/26/2019
E/16/220,PR316,C,12/9/2021
E/16/220,PR314,C,3/29/2022
E/16/220,PR204,C,11/26/2019
E/16/220,CE201,D,11/26/2019
E/16/220,PR315,B-,3/29/2022
E/16/220,PR317,C,12/9/2021
E/16/220,ME211,C,7/8/2022
E/16/220,PR404,C,3/8/2023
E/16/220,PR206,C,4/8/2022
E/16/220,ME302,C+,12/9/2021
E/16/220,PR509,C,12/9/2021
E/16/220,PR205,C,4/9/2021
E/16/220,PR409,C-,2/10/2023
E/16/220,CE301,E,2/10/2023
E/16/220,CE301,C,9/19/2022
E/16/220,PR206,D,4/9/2021
E/16/225,CE201,E,7/8/2022
E/16/225,PR518,B+,2/10/2023
E/16/225,ME302,A-,12/9/2021
E/16/225,PR409,C+,2/10/2023
E/16/225,PR408,C+,3/8/2023
E/16/225,CE201,C-,11/26/2019
E/16/225,PR204,C+,11/26/2019
E/16/225,PR410,A-,3/8/2023
E/16/225,PR509,B,12/9/2021
E/16/225,PR411,A+,2/10/2023
E/16/225,PR316,C-,12/9/2021
E/16/225,ME213,B+,11/26/2019
E/16/225,PR517,B,3/8/2023
E/16/225,EE380,C,3/29/2022
E/16/225,EM213,C-,11/26/2019
E/16/225,PR515,B-,12/9/2021
E/16/225,CE301,C,3/29/2022
E/16/225,PR317,C+,12/9/2021
E/16/225,EE280,C+,11/26/2019
E/16/225,ME211,D,11/26/2019
E/16/225,PR516,C+,3/8/2023
E/16/225,ME211,E,7/8/2022
E/16/225,EM212,A,9/4/2021
E/16/225,EM211,A+,11/26/2019
E/16/225,ME209,B,4/9/2021
E/16/225,EE281,B,4/9/2021
E/16/225,ME321,B,3/29/2022
E/16/225,PR206,C+,4/9/2021
E/16/225,PR314,B-,3/29/2022
E/16/225,PR205,B+,4/9/2021
E/16/225,PR315,C,3/29/2022
E/16/225,EM527,B,3/8/2023
E/16/225,PR404,C+,3/8/2023
E/16/225,CE207,C,4/9/2021
E/16/233,CE301,D,3/29/2022
E/16/233,PR411,A+,2/10/2023
E/16/233,EM212,A+,9/4/2021
E/16/233,PR317,B,12/9/2021
E/16/233,PR204,A-,11/26/2019
E/16/233,PR314,B,3/29/2022
E/16/233,PR404,C+,3/8/2023
E/16/233,CE201,C+,11/26/2019
E/16/233,ME211,D,11/26/2019
E/16/233,EE281,C+,4/9/2021
E/16/233,PR517,B,3/8/2023
E/16/233,PR516,B,3/8/2023
E/16/233,ME209,B+,4/9/2021
E/16/233,EE380,B-,3/29/2022
E/16/233,ME213,C,11/26/2019
E/16/233,PR316,B-,12/9/2021
E/16/233,EM211,C+,11/26/2019
E/16/233,CE207,C,4/9/2021
E/16/233,ME321,C-,3/29/2022
E/16/233,PR410,A+,3/8/2023
E/16/233,PR205,D+,4/9/2021
E/16/233,PR515,B+,12/9/2021
E/16/233,PR518,B,2/10/2023
E/16/233,ME302,A-,12/9/2021
E/16/233,PR509,B-,12/9/2021
E/16/233,EE280,B-,11/26/2019
E/16/233,PR408,B-,3/8/2023
E/16/233,PR409,A-,2/10/2023
E/16/233,EM213,C,11/26/2019
E/16/233,EM527,A,12/9/2021
E/16/233,PR206,C+,4/9/2021
E/16/233,PR315,C,3/29/2022
E/16/252,PR206,E,4/9/2021
E/16/252,CE301,D,9/19/2022
E/16/252,CE201,D+,9/21/2022
E/16/252,PR521,B,2/10/2023
E/16/252,ME213,C+,11/26/2019
E/16/252,CE207,C,4/9/2021
E/16/252,ME211,C,7/8/2022
E/16/252,PR515,B-,12/9/2021
E/16/252,EM211,B+,11/26/2019
E/16/252,PR411,B,2/10/2023
E/16/252,EM213,C,2/10/2023
E/16/252,PR404,C-,3/8/2023
E/16/252,PR206,C,4/8/2022
E/16/252,ME211,D,11/26/2019
E/16/252,EM526,B,12/9/2021
E/16/252,PR409,B-,2/10/2023
E/16/252,PR509,B-,12/9/2021
E/16/252,PR516,C,3/8/2023
E/16/252,ME321,E,2/10/2023
E/16/252,ME209,B,4/9/2021
E/16/252,CE201,D+,7/8/2022
E/16/252,PR317,B-,12/9/2021
E/16/252,EM213,D,11/26/2019
E/16/252,EE281,B-,4/9/2021
E/16/252,CE301,E,3/29/2022
E/16/252,EM212,A,9/4/2021
E/16/252,CE301,E,2/10/2023
E/16/252,PR314,C+,3/29/2022
E/16/252,EE380,B,3/29/2022
E/16/252,ME302,A-,12/9/2021
E/16/252,PR316,C+,12/9/2021
E/16/252,EM527,A+,12/9/2021
E/16/252,CE201,D,11/26/2019
E/16/252,PR408,C,3/8/2023
E/16/252,ME321,D+,3/29/2022
E/16/252,PR204,B-,11/26/2019
E/16/252,PR410,A-,3/8/2023
E/16/252,PR315,C+,3/29/2022
E/16/252,PR205,C+,4/9/2021
E/16/252,EE280,C,11/26/2019
E/16/259,EM213,B,11/26/2019
E/16/259,EM212,A+,9/4/2021
E/16/259,CE301,C-,3/29/2022
E/16/259,PR204,B-,11/26/2019
E/16/259,PR519,B-,3/8/2023
E/16/259,ME321,C-,3/29/2022
E/16/259,PR314,C+,3/29/2022
E/16/259,PR410,A,3/8/2023
E/16/259,EE281,B+,4/9/2021
E/16/259,PR517,B-,3/8/2023
E/16/259,PR404,B-,3/8/2023
E/16/259,PR509,C,12/9/2021
E/16/259,PR513,B,12/9/2021
E/16/259,PR315,C,3/29/2022
E/16/259,PR411,A-,2/10/2023
E/16/259,PR205,B+,4/9/2021
E/16/259,EM211,A-,11/26/2019
E/16/259,PR515,C+,12/9/2021
E/16/259,ME211,C+,11/26/2019
E/16/259,PR316,C-,12/9/2021
E/16/259,PR206,C,4/9/2021
E/16/259,CE207,B+,4/9/2021
E/16/259,CE201,C,11/26/2019
E/16/259,PR408,C+,3/8/2023
E/16/259,EE280,B,11/26/2019
E/16/259,EE380,B,3/29/2022
E/16/259,ME302,B+,12/9/2021
E/16/259,ME209,B,4/9/2021
E/16/259,PR317,D,12/9/2021
E/16/259,PR409,C-,2/10/2023
E/16/259,PR516,B,3/8/2023
E/16/259,ME213,B,11/26/2019
E/16/263,ME211,C-,11/26/2019
E/16/263,CE301,C,2/10/2023
E/16/263,PR204,C,11/26/2019
E/16/263,PR410,B+,3/8/2023
E/16/263,EM213,A-,11/26/2019
E/16/263,PR205,B+,4/9/2021
E/16/263,EE280,C+,11/26/2019
E/16/263,PR408,B,3/8/2023
E/16/263,PR518,A,2/10/2023
E/16/263,PR206,B-,4/9/2021
E/16/263,PR515,B-,12/9/2021
E/16/263,ME302,A-,12/9/2021
E/16/263,CE207,B-,4/9/2021
E/16/263,PR411,A,2/10/2023
E/16/263,EM211,A-,11/26/2019
E/16/263,PR316,C+,12/9/2021
E/16/263,PR409,A-,2/10/2023
E/16/263,PR315,B,3/29/2022
E/16/263,ME321,C,3/29/2022
E/16/263,EE380,C+,3/29/2022
E/16/263,ME213,B,11/26/2019
E/16/263,PR516,C+,3/8/2023
E/16/263,PR314,B-,3/29/2022
E/16/263,CE201,C,11/26/2019
E/16/263,PR517,C+,3/8/2023
E/16/263,ME209,B+,4/9/2021
E/16/263,EE281,C,10/2/2020
E/16/263,PR317,C,12/9/2021
E/16/263,EM212,A+,9/4/2021
E/16/263,EM526,B+,3/29/2022
E/16/263,CE301,D+,3/29/2022
E/16/263,PR404,B-,3/8/2023
E/16/263,EM527,A,12/9/2021
E/16/269,CE201,C-,11/26/2019
E/16/269,EM211,A-,11/26/2019
E/16/269,PR314,A,3/29/2022
E/16/269,ME209,B+,4/9/2021
E/16/269,EM213,B-,11/26/2019
E/16/269,ME302,A,12/9/2021
E/16/269,ME213,B-,11/26/2019
E/16/269,PR206,A-,4/9/2021
E/16/269,PR315,A-,3/29/2022
E/16/269,PR316,A-,12/9/2021
E/16/269,ME211,E,11/26/2019
E/16/269,PR317,A-,12/9/2021
E/16/269,PR204,C+,11/26/2019
E/16/269,PR517,A,3/8/2023
E/16/269,PR404,B+,3/8/2023
E/16/269,CE301,A-,3/29/2022
E/16/269,EM212,A+,9/4/2021
E/16/269,EE280,D+,11/26/2019
E/16/269,CE207,A-,4/9/2021
E/16/269,PR516,A-,3/8/2023
E/16/269,EE281,A-,4/9/2021
E/16/269,ME211,C,7/8/2022
E/16/269,ME321,B,3/29/2022
E/16/269,PR509,A-,12/9/2021
E/16/269,EE380,A,3/29/2022
E/16/269,PR205,A,4/9/2021
E/16/269,PR518,B,2/10/2023
E/16/269,PR411,B+,2/10/2023
E/16/269,EM527,A+,12/9/2021
E/16/269,PR408,A,3/8/2023
E/16/269,PR409,A,2/10/2023
E/16/269,PR515,A,12/9/2021
E/16/269,PR410,A,3/8/2023
E/16/289,PR316,C-,12/9/2021
E/16/289,EM212,A+,9/4/2021
E/16/289,PR317,B,12/9/2021
E/16/289,ME209,B+,4/9/2021
E/16/289,PR516,B,3/8/2023
E/16/289,CE301,D+,3/29/2022
E/16/289,CE201,D,11/26/2019
E/16/289,ME321,B-,3/29/2022
E/16/289,PR404,C+,3/8/2023
E/16/289,EM211,B,11/26/2019
E/16/289,EE281,B-,4/9/2021
E/16/289,PR411,B,2/10/2023
E/16/289,ME213,B,11/26/2019
E/16/289,PR315,C+,3/29/2022
E/16/289,ME211,C-,11/26/2019
E/16/289,CE201,C,7/8/2022
E/16/289,ME302,B,12/9/2021
E/16/289,PR205,A-,4/9/2021
E/16/289,PR518,B+,2/10/2023
E/16/289,PR409,A,2/10/2023
E/16/289,PR314,B,3/29/2022
E/16/289,PR410,B+,3/8/2023
E/16/289,PR521,A,2/10/2023
E/16/289,PR316,E,2/10/2023
E/16/289,EM213,C-,11/26/2019
E/16/289,PR204,C+,11/26/2019
E/16/289,PR206,B-,4/9/2021
E/16/289,CE207,B+,4/9/2021
E/16/289,EE280,C,11/26/2019
E/16/289,PR517,C+,3/8/2023
E/16/289,EM527,A+,12/9/2021
E/16/289,PR515,B-,12/9/2021
E/16/289,EE380,C+,3/29/2022
E/16/289,PR408,B,3/8/2023
E/16/298,PR519,A+,3/8/2023
E/16/298,PR411,A-,2/10/2023
E/16/298,PR408,B,3/8/2023
E/16/298,PR205,A,4/9/2021
E/16/298,EM211,A,11/26/2019
E/16/298,PR316,A-,12/9/2021
E/16/298,ME302,B+,12/9/2021
E/16/298,PR314,A,3/29/2022
E/16/298,EE380,A-,3/29/2022
E/16/298,PR409,A+,2/10/2023
E/16/298,PR204,B+,11/26/2019
E/16/298,PR410,A,3/8/2023
E/16/298,ME213,B-,11/26/2019
E/16/298,CE201,D+,11/26/2019
E/16/298,ME321,B,3/29/2022
E/16/298,ME211,C-,11/26/2019
E/16/298,PR509,A-,12/9/2021
E/16/298,EM213,B+,11/26/2019
E/16/298,ME209,A-,4/9/2021
E/16/298,CE201,C,7/8/2022
E/16/298,PR513,A-,12/9/2021
E/16/298,EE280,B-,11/26/2019
E/16/298,PR317,B,12/9/2021
E/16/298,PR516,A,3/8/2023
E/16/298,CE207,B,4/9/2021
E/16/298,EM524,A+,2/10/2023
E/16/298,PR315,A,3/29/2022
E/16/298,ME211,E,7/8/2022
E/16/298,PR206,B,4/9/2021
E/16/298,EE281,B,4/9/2021
E/16/298,PR404,A-,3/8/2023
E/16/298,CE301,C-,3/29/2022
E/16/298,PR515,A-,12/9/2021
E/16/298,EM212,A+,9/4/2021
E/16/301,PR513,A-,12/9/2021
E/16/301,PR205,A,4/9/2021
E/16/301,EM211,A+,11/26/2019
E/16/301,PR410,A-,3/8/2023
E/16/301,EM213,C+,11/26/2019
E/16/301,PR515,B+,12/9/2021
E/16/301,ME302,B+,12/9/2021
E/16/301,PR315,B-,3/29/2022
E/16/301,PR408,C,3/8/2023
E/16/301,ME209,B-,4/9/2021
E/16/301,PR206,C+,4/9/2021
E/16/301,CE207,B+,4/9/2021
E/16/301,PR521,A-,2/10/2023
E/16/301,PR204,B-,11/26/2019
E/16/301,ME213,B+,11/26/2019
E/16/301,ME321,B,3/29/2022
E/16/301,PR404,C+,3/8/2023
E/16/301,PR316,B+,12/9/2021
E/16/301,CE301,C,3/29/2022
E/16/301,PR409,B,2/10/2023
E/16/301,PR519,A-,3/8/2023
E/16/301,ME211,C,11/26/2019
E/16/301,EM527,B-,3/8/2023
E/16/301,CE201,B-,11/26/2019
E/16/301,PR317,B-,12/9/2021
E/16/301,EM212,A+,9/4/2021
E/16/301,PR314,A,3/29/2022
E/16/301,EE380,C,3/29/2022
E/16/301,PR411,B+,2/10/2023
E/16/301,PR509,A-,12/9/2021
E/16/301,EE281,B-,4/9/2021
E/16/301,EE280,C+,11/26/2019
E/16/308,PR409,B+,2/10/2023
E/16/308,PR518,B-,2/10/2023
E/16/308,CE207,C,4/9/2021
E/16/308,EM211,B-,11/26/2019
E/16/308,EE281,B-,4/9/2021
E/16/308,CE201,C-,11/26/2019
E/16/308,PR408,C,3/8/2023
E/16/308,PR509,B,12/9/2021
E/16/308,CE301,D+,3/29/2022
E/16/308,EE380,C+,3/29/2022
E/16/308,PR205,B+,4/9/2021
E/16/308,ME321,B,3/29/2022
E/16/308,PR206,B-,4/9/2021
E/16/308,PR314,B-,3/29/2022
E/16/308,ME209,B-,4/9/2021
E/16/308,ME302,B+,12/9/2021
E/16/308,PR315,B,3/29/2022
E/16/308,PR521,B,2/10/2023
E/16/308,PR513,B-,12/9/2021
E/16/308,PR404,B+,3/8/2023
E/16/308,EE280,C,11/26/2019
E/16/308,PR410,A+,3/8/2023
E/16/308,PR411,A+,2/10/2023
E/16/308,PR516,B,3/8/2023
E/16/308,EM212,A+,9/4/2021
E/16/308,CE201,E,7/8/2022
E/16/308,ME211,E,7/8/2022
E/16/308,CE201,E,9/21/2022
E/16/308,EM213,B,11/26/2019
E/16/308,ME211,C-,11/26/2019
E/16/308,ME213,A-,11/26/2019
E/16/308,PR204,B+,11/26/2019
E/16/308,EM527,B-,3/8/2023
E/16/308,PR316,B-,12/9/2021
E/16/308,PR317,C+,12/9/2021
E/16/317,PR205,A-,4/9/2021
E/16/317,ME213,A+,11/26/2019
E/16/317,CE201,C,11/26/2019
E/16/317,EE281,A-,4/9/2021
E/16/317,PR404,B,3/8/2023
E/16/317,EM211,A+,11/26/2019
E/16/317,EE380,B,3/29/2022
E/16/317,PR516,A-,3/8/2023
E/16/317,CE207,C,4/9/2021
E/16/317,CE301,C-,3/29/2022
E/16/317,ME211,D,11/26/2019
E/16/317,PR315,C+,3/29/2022
E/16/317,ME321,C+,3/29/2022
E/16/317,PR314,A+,3/29/2022
E/16/317,EM212,A+,9/4/2021
E/16/317,PR206,A-,4/9/2021
E/16/317,ME209,B+,4/9/2021
E/16/317,EM213,B+,11/26/2019
E/16/317,PR316,B,12/9/2021
E/16/317,EE280,B,11/26/2019
E/16/317,ME211,C,7/8/2022
E/16/317,PR521,A+,2/10/2023
E/16/317,ME302,A-,12/9/2021
E/16/317,PR408,B-,3/8/2023
E/16/317,PR317,B,12/9/2021
E/16/317,PR513,B+,12/9/2021
E/16/317,PR519,A+,3/8/2023
E/16/317,PR409,A-,2/10/2023
E/16/317,PR204,B+,11/26/2019
E/16/317,PR410,A,3/8/2023
E/16/317,PR411,A-,2/10/2023
E/16/317,PR517,B+,3/8/2023
E/16/317,PR509,B,12/9/2021
E/16/334,CE301,E,2/10/2023
E/16/334,ME321,D,3/29/2022
E/16/334,EM213,C-,11/26/2019
E/16/334,CE207,D+,4/9/2021
E/16/334,EE380,C+,3/29/2022
E/16/334,PR204,C,11/26/2019
E/16/334,PR315,C+,3/29/2022
E/16/334,PR409,B-,2/10/2023
E/16/334,EM212,A,9/4/2021
E/16/334,PR206,C+,4/9/2021
E/16/334,ME209,B,4/9/2021
E/16/334,PR517,B,3/8/2023
E/16/334,ME211,E,2/10/2023
E/16/334,PR317,B-,12/9/2021
E/16/334,EM213,E,9/21/2022
E/16/334,EE280,B-,11/26/2019
E/16/334,EM526,B,12/9/2021
E/16/334,PR316,B-,12/9/2021
E/16/334,ME321,E,2/10/2023
E/16/334,ME211,E,9/21/2022
E/16/334,CE201,C,11/26/2019
E/16/334,ME302,B-,12/9/2021
E/16/334,EE281,B,4/9/2021
E/16/334,PR205,A-,4/9/2021
E/16/334,ME211,D,11/26/2019
E/16/334,ME213,B,11/26/2019
E/16/334,ME321,C,9/19/2022
E/16/334,PR509,B+,12/9/2021
E/16/334,PR404,B-,3/8/2023
E/16/334,PR314,B-,3/29/2022
E/16/334,PR411,B,2/10/2023
E/16/334,CE207,E,4/8/2022
E/16/334,EM527,B+,12/9/2021
E/16/334,CE301,D+,3/29/2022
E/16/334,PR410,A-,3/8/2023
E/16/334,PR521,A-,2/10/2023
E/16/334,PR408,C,3/8/2023
E/16/334,PR516,B-,3/8/2023
E/16/334,EM211,B,11/26/2019
E/16/346,EM211,B,11/26/2019
E/16/346,PR409,B,2/10/2023
E/16/346,PR408,C,3/8/2023
E/16/346,ME211,E,2/10/2023
E/16/346,PR517,B-,3/8/2023
E/16/346,PR411,B,2/10/2023
E/16/346,PR404,C,3/8/2023
E/16/346,EM212,A+,9/4/2021
E/16/346,PR519,B-,3/8/2023
E/16/346,PR315,C,3/29/2022
E/16/346,PR516,B+,3/8/2023
E/16/346,CE207,C,4/9/2021
E/16/346,PR410,B-,3/8/2023
E/16/346,ME209,B,4/9/2021
E/16/346,ME211,E,11/26/2019
E/16/346,EE380,C-,3/29/2022
E/16/346,PR509,C+,12/9/2021
E/16/346,ME321,E,9/19/2022
E/16/346,ME213,C+,11/26/2019
E/16/346,CE301,D,3/29/2022
E/16/346,EM213,D+,11/26/2019
E/16/346,PR205,A-,4/9/2021
E/16/346,ME321,C-,2/10/2023
E/16/346,PR314,B+,3/29/2022
E/16/346,EE281,C+,4/9/2021
E/16/346,ME211,C,9/21/2022
E/16/346,CE201,E,11/26/2019
E/16/346,CE201,D,2/10/2023
E/16/346,EE280,C,2/10/2023
E/16/346,ME321,E,3/29/2022
E/16/346,PR204,C,11/26/2019
E/16/346,PR206,B-,4/9/2021
E/16/346,PR317,C,12/9/2021
E/16/346,PR515,C+,12/9/2021
E/16/346,EE280,E,11/26/2019
E/16/346,EE280,E,9/21/2022
E/16/346,PR513,B,12/9/2021
E/16/346,PR316,C+,12/9/2021
E/16/346,ME302,C+,12/9/2021
E/16/375,PR409,B+,2/10/2023
E/16/375,PR517,B+,3/8/2023
E/16/375,PR317,B+,12/9/2021
E/16/375,PR404,B-,3/8/2023
E/16/375,PR411,A-,2/10/2023
E/16/375,PR204,B+,11/26/2019
E/16/375,EM211,A+,11/26/2019
E/16/375,CE301,E,3/29/2022
E/16/375,PR513,A-,12/9/2021
E/16/375,ME213,B,11/26/2019
E/16/375,PR408,C+,3/8/2023
E/16/375,PR509,B+,12/9/2021
E/16/375,PR410,A,3/8/2023
E/16/375,PR515,B+,12/9/2021
E/16/375,CE301,E,2/10/2023
E/16/375,EE281,C+,4/9/2021
E/16/375,PR205,B+,4/9/2021
E/16/375,PR314,B-,3/29/2022
E/16/375,ME302,A-,12/9/2021
E/16/375,CE301,C,9/19/2022
E/16/375,EE280,C+,11/26/2019
E/16/375,PR521,A,2/10/2023
E/16/375,PR206,B-,4/9/2021
E/16/375,EM212,A+,9/4/2021
E/16/375,CE207,C+,4/9/2021
E/16/375,EM213,A-,11/26/2019
E/16/375,PR516,B,3/8/2023
E/16/375,CE201,C,11/26/2019
E/16/375,EE380,C-,3/29/2022
E/16/375,ME211,C-,11/26/2019
E/16/375,ME321,C,3/29/2022
E/16/375,PR315,C+,3/29/2022
E/16/375,PR316,B,12/9/2021
E/16/375,ME209,A-,4/9/2021
E/16/385,ME211,C,11/26/2019
E/16/385,PR204,A-,11/26/2019
E/16/385,PR409,A,2/10/2023
E/16/385,EM212,A+,9/4/2021
E/16/385,ME213,C+,11/26/2019
E/16/385,CE201,A-,11/26/2019
E/16/385,EM524,A,2/10/2023
E/16/385,PR411,A+,2/10/2023
E/16/385,EM211,A+,11/26/2019
E/16/385,PR516,A,3/8/2023
E/16/385,EM213,A,11/26/2019
E/16/385,ME302,A,12/9/2021
E/16/385,PR206,B,4/9/2021
E/16/385,ME321,C,3/29/2022
E/16/385,PR316,B,12/9/2021
E/16/385,ME209,A-,4/9/2021
E/16/385,EE380,A-,3/29/2022
E/16/385,PR314,B+,3/29/2022
E/16/385,CE207,B-,4/9/2021
E/16/385,EE280,B-,11/26/2019
E/16/385,PR521,A-,2/10/2023
E/16/385,EM527,A,12/9/2021
E/16/385,EE281,B+,4/9/2021
E/16/385,PR205,A-,4/9/2021
E/16/385,PR404,B-,3/8/2023
E/16/385,PR315,B+,3/29/2022
E/16/385,CE301,B,3/29/2022
E/16/385,PR408,B,3/8/2023
E/16/385,PR410,A-,3/8/2023
E/16/385,PR509,B,12/9/2021
E/16/385,PR517,A,3/8/2023
E/16/385,PR317,B+,12/9/2021
E/16/393,PR205,B+,4/9/2021
E/16/393,PR206,C,4/9/2021
E/16/393,PR521,A,2/10/2023
E/16/393,ME211,E,9/21/2022
E/16/393,PR409,B,2/10/2023
E/16/393,CE201,E,9/21/2022
E/16/393,EE280,C,11/26/2019
E/16/393,ME321,C,3/29/2022
E/16/393,EM213,A-,11/26/2019
E/16/393,EE380,C-,3/29/2022
E/16/393,CE201,C-,11/26/2019
E/16/393,PR316,B,12/9/2021
E/16/393,EE281,B+,4/9/2021
E/16/393,CE301,D+,3/29/2022
E/16/393,PR509,C+,12/9/2021
E/16/393,ME213,B-,11/26/2019
E/16/393,PR513,A-,12/9/2021
E/16/393,PR317,B-,12/9/2021
E/16/393,PR204,B+,11/26/2019
E/16/393,ME211,C-,11/26/2019
E/16/393,EM212,A+,9/4/2021
E/16/393,PR404,C-,3/8/2023
E/16/393,EM211,B-,11/26/2019
E/16/393,PR315,B-,3/29/2022
E/16/393,ME209,B+,4/9/2021
E/16/393,CE207,C+,4/9/2021
E/16/393,EM526,C,3/8/2023
E/16/393,PR408,C,3/8/2023
E/16/393,PR410,A,3/8/2023
E/16/393,ME302,A-,12/9/2021
E/16/393,PR314,B-,3/29/2022
E/16/393,PR411,A-,2/10/2023
E/16/393,PR517,B+,3/8/2023
E/16/393,PR516,C,3/8/2023
E/16/395,PR404,B,3/8/2023
E/16/395,EM527,A-,12/9/2021
E/16/395,CE301,D+,3/29/2022
E/16/395,PR411,B,2/10/2023
E/16/395,PR316,C+,12/9/2021
E/16/395,PR509,C+,12/9/2021
E/16/395,ME213,B,11/26/2019
E/16/395,PR517,B+,3/8/2023
E/16/395,PR515,A-,12/9/2021
E/16/395,PR317,C+,12/9/2021
E/16/395,PR410,B+,3/8/2023
E/16/395,PR409,A-,2/10/2023
E/16/395,PR204,B-,11/26/2019
E/16/395,PR408,C+,3/8/2023
E/16/395,EM213,A,11/26/2019
E/16/395,EM526,A-,12/9/2021
E/16/395,ME321,D,3/29/2022
E/16/395,ME211,E,7/8/2022
E/16/395,PR314,B-,3/29/2022
E/16/395,CE207,C,4/9/2021
E/16/395,EM212,A+,9/4/2021
E/16/395,EE280,C,11/26/2019
E/16/395,PR205,A-,4/9/2021
E/16/395,CE201,C,11/26/2019
E/16/395,EM211,B+,11/26/2019
E/16/395,ME302,A,12/9/2021
E/16/395,PR315,A-,3/29/2022
E/16/395,EE281,B-,4/9/2021
E/16/395,PR516,A-,3/8/2023
E/16/395,EE380,C,3/29/2022
E/16/395,ME211,D+,11/26/2019
E/16/395,PR206,B,4/9/2021
E/16/395,ME209,A-,4/9/2021
E/16/401,EE280,B,11/26/2019
E/16/401,CE301,C,2/10/2023
E/16/401,PR517,C+,3/8/2023
E/16/401,EE380,B-,3/29/2022
E/16/401,PR205,A,4/9/2021
E/16/401,PR206,B,4/9/2021
E/16/401,CE201,C,11/26/2019
E/16/401,PR314,B,3/29/2022
E/16/401,ME209,A-,4/9/2021
E/16/401,PR521,B-,2/10/2023
E/16/401,PR404,C,3/8/2023
E/16/401,CE301,D,3/29/2022
E/16/401,PR410,B+,3/8/2023
E/16/401,ME321,C-,3/29/2022
E/16/401,PR411,A-,2/10/2023
E/16/401,PR516,C+,3/8/2023
E/16/401,PR315,B,3/29/2022
E/16/401,EM212,A+,9/4/2021
E/16/401,CE301,E,9/19/2022
E/16/401,EM213,B-,11/26/2019
E/16/401,ME211,C,11/26/2019
E/16/401,ME213,C,11/26/2019
E/16/401,PR204,B,11/26/2019
E/16/401,PR408,C+,3/8/2023
E/16/401,PR317,C-,12/9/2021
E/16/401,ME302,A,12/9/2021
E/16/401,EM527,A-,12/9/2021
E/16/401,PR316,B+,12/9/2021
E/16/401,EM211,A+,11/26/2019
E/16/401,CE207,B,4/9/2021
E/16/401,EE281,B+,4/9/2021
E/16/401,PR515,A-,12/9/2021
E/16/401,PR409,B-,2/10/2023
E/16/401,PR509,B,12/9/2021
E/16/408,EM213,A-,11/26/2019
E/16/408,ME211,C-,11/26/2019
E/16/408,PR518,D,2/10/2023
E/16/408,ME213,C+,11/26/2019
E/16/408,EM212,B+,9/4/2021
E/16/408,CE207,C,4/9/2021
E/16/408,CE201,B-,11/26/2019
E/16/408,PR315,C+,3/29/2022
E/16/408,PR204,B-,11/26/2019
E/16/408,PR516,B-,3/8/2023
E/16/408,EM527,B,12/9/2021
E/16/408,PR411,B+,2/10/2023
E/16/408,PR409,B+,2/10/2023
E/16/408,PR316,C+,12/9/2021
E/16/408,CE301,D+,3/29/2022
E/16/408,EE380,C-,3/29/2022
E/16/408,EE280,B-,11/26/2019
E/16/408,EE281,B-,4/9/2021
E/16/408,PR515,B,12/9/2021
E/16/408,PR205,B,4/9/2021
E/16/408,PR317,B,12/9/2021
E/16/408,EM211,A-,11/26/2019
E/16/408,PR314,C+,3/29/2022
E/16/408,PR517,C,3/8/2023
E/16/408,ME209,A-,4/9/2021
E/16/408,ME302,A,12/9/2021
E/16/408,PR404,B-,3/8/2023
E/16/408,PR408,C,3/8/2023
E/16/408,PR509,C+,12/9/2021
E/16/408,PR410,A,3/8/2023
E/16/408,PR206,C+,4/9/2021
E/16/408,ME321,D+,3/29/2022
E/11/233,PR315,E,6/6/2017
E/11/233,PR204,E,11/26/2019
E/11/233,ME302,B-,10/23/2017
E/11/233,ME306,E,6/6/2017
E/11/233,PR204,E,5/30/2016
E/11/233,PR204,E,9/17/2018
E/11/233,PR205,E,10/13/2016
E/11/233,PR205,C-,2/15/2019
E/11/233,PR205,E,10/23/2017
E/11/233,PR206,C+,10/13/2016
E/11/233,ME213,B,5/30/2016
E/11/233,PR314,C-,9/17/2018
E/11/233,ME211,D+,5/30/2016
E/11/233,PR315,E,9/17/2018
E/11/233,PR316,D+,10/23/2017
E/11/233,PR317,D,10/23/2017
E/11/233,PR404,D+,9/17/2018
E/11/233,PR408,E,9/17/2018
E/11/233,PR409,B-,2/15/2019
E/11/233,PR410,C,9/17/2018
E/11/233,PR516,C+,2/15/2019
E/11/233,EE380,C,11/26/2019
E/11/233,ME306,D,11/26/2019
E/11/233,PR314,E,6/6/2017
E/11/233,CE301,E,6/6/2017
E/11/233,PR317,C,10/2/2020
E/11/233,CE207,C,2/15/2019
E/11/233,CE207,E,10/13/2016
E/11/233,EM502,*,12/9/2021
E/11/233,EM527,B,7/24/2020
E/11/233,PR515,C+,7/24/2020
E/11/233,EM202,C,4/9/2021
E/11/233,ME306,C,3/29/2022
E/11/233,CE201,C,5/30/2016
E/11/233,PR204,C,7/8/2022
E/11/233,EM502,C,10/2/2020
E/11/233,CE301,E,9/17/2018
E/11/233,EE280,C+,5/30/2016
E/11/233,EE281,E,10/13/2016
E/11/233,EE281,C-,10/23/2017
E/11/233,EE380,E,6/6/2017
E/11/233,EE380,E,9/17/2018
E/11/233,EM201,D+,5/30/2016
E/11/233,EM202,E,10/13/2016
E/11/233,EM202,E,10/23/2017
E/11/233,EM202,D+,2/15/2019
E/11/233,ME209,C-,10/13/2016
E/11/233,CE301,C,11/26/2019
E/11/233,PR404,E,11/26/2019
E/11/233,PR315,C,11/26/2019
E/11/233,PR408,C,11/26/2019
E/11/233,EM502,E,7/24/2020
E/11/233,EM201,C,11/26/2019
E/13/202,EE280,D,6/6/2017
E/13/202,PR408,B-,11/26/2019
E/13/202,CE201,D+,7/8/2022
E/13/202,EM202,D,2/15/2019
E/13/202,CE201,D,6/6/2017
E/13/202,CE301,C-,3/29/2022
E/13/202,CE201,C,2/10/2023
E/13/202,EM202,E,10/23/2017
E/13/202,EM524,B-,7/24/2020
E/13/202,EE280,C,11/26/2019
E/13/202,CE207,D,10/23/2017
E/13/202,EM202,C,4/9/2021
E/13/202,PR404,C-,11/26/2019
E/13/202,EM201,C,6/6/2017
E/13/202,EE380,D+,9/17/2018
E/13/202,CE207,C-,2/15/2019
E/13/202,EE380,C-,3/29/2022
E/13/202,PR317,C,2/10/2023
E/13/202,EE281,C,10/23/2017
E/13/202,EE280,D,9/17/2018
E/13/202,CE301,D,9/17/2018
E/13/202,PR204,C,11/26/2019
E/13/202,PR404,C,7/31/2021
E/13/202,PR315,D,9/17/2018
E/13/202,CE201,D,11/26/2019
E/13/202,PR316,C,12/9/2021
E/13/202,CE201,D,9/17/2018
E/13/202,PR314,C-,9/17/2018
E/13/202,PR316,C-,2/15/2019
E/13/202,PR316,D+,10/2/2020
E/13/202,PR317,C-,2/15/2019
E/13/202,PR206,C-,10/23/2017
E/13/202,PR205,B-,10/23/2017
E/13/202,PR204,D+,6/6/2017
E/13/202,PR517,C,11/26/2019
E/13/202,PR515,C+,7/24/2020
E/13/202,PR410,B-,11/26/2019
E/13/202,ME306,D+,9/17/2018
E/13/202,ME302,B,2/15/2019
E/13/202,EM527,B-,7/31/2021
E/13/202,PR315,C,3/29/2022
E/13/202,PR314,C,2/10/2023
E/13/202,ME209,B-,10/23/2017
E/13/202,ME211,D+,9/17/2018
E/13/202,ME211,D+,7/8/2022
E/13/202,ME211,E,6/6/2017
E/13/202,PR206,C,3/30/2021
E/13/202,ME213,C-,6/6/2017
E/13/202,PR409,B-,7/24/2020
E/15/079,PR409,B+,2/10/2023
E/15/079,ME209,B,4/9/2021
E/15/079,PR515,A,12/9/2021
E/15/079,PR316,B-,12/9/2021
E/15/079,PR509,B,12/9/2021
E/15/079,ME211,C,11/26/2019
E/15/079,EM213,B+,11/26/2019
E/15/079,CE201,B+,11/26/2019
E/15/079,EE281,C+,4/9/2021
E/15/079,PR410,B+,3/8/2023
E/15/079,EE280,B-,11/26/2019
E/15/079,CE301,B-,3/29/2022
E/15/079,ME213,A+,11/26/2019
E/15/079,ME321,B-,3/29/2022
E/15/079,PR314,B,3/29/2022
E/15/079,EM527,A,12/9/2021
E/15/079,EM211,A-,11/26/2019
E/15/079,PR205,A-,4/9/2021
E/15/079,CE207,C-,4/9/2021
E/15/079,EM526,A,12/9/2021
E/15/079,PR317,C+,12/9/2021
E/15/079,PR521,A+,2/10/2023
E/15/079,PR408,B-,3/8/2023
E/15/079,PR206,C+,4/9/2021
E/15/079,PR404,B-,3/8/2023
E/15/079,PR204,B-,11/26/2019
E/15/079,EM212,A+,9/4/2021
E/15/079,EE380,B+,3/29/2022
E/15/079,ME302,A-,12/9/2021
E/15/079,PR411,A,2/10/2023
E/15/079,PR516,B,3/8/2023
E/15/079,PR315,B,3/29/2022
E/15/164,ME211,E,2/10/2023
E/15/164,CE301,D,3/29/2022
E/15/164,ME213,C,9/17/2018
E/15/164,PR409,C,2/10/2023
E/15/164,PR408,E,7/31/2021
E/15/164,PR408,C,3/8/2023
E/15/164,PR404,C-,7/31/2021
E/15/164,CE301,C-,2/10/2023
E/15/164,CE301,D,9/19/2022
E/15/164,PR205,C-,2/15/2019
E/15/164,ME211,D+,9/17/2018
E/15/164,PR206,C,4/9/2021
E/15/164,EM527,C+,11/26/2019
E/15/164,PR206,C-,2/15/2019
E/15/164,PR404,E,3/8/2023
E/15/164,ME211,E,9/21/2022
E/15/164,PR317,B-,10/2/2020
E/15/164,CE201,E,9/17/2018
E/15/164,PR204,C-,9/17/2018
E/15/164,PR314,C,9/19/2022
E/15/164,PR409,C-,9/3/2021
E/15/164,EM201,B-,9/17/2018
E/15/164,PR516,C,7/31/2021
E/15/164,PR314,D+,11/26/2019
E/15/164,CE201,E,7/8/2022
E/15/164,ME306,C-,3/29/2022
E/15/164,EM202,C,2/15/2019
E/15/164,PR315,B-,11/26/2019
E/15/164,CE207,C+,2/15/2019
E/15/164,PR410,B+,7/31/2021
E/15/164,PR204,C,7/8/2022
E/15/164,ME302,A,10/2/2020
E/15/164,EE281,B-,2/15/2019
E/15/164,PR205,D,3/30/2021
E/15/164,CE201,C-,11/26/2019
E/15/164,EE280,B-,9/17/2018
E/15/164,PR316,C+,10/2/2020
E/15/164,PR314,E,2/10/2023
E/15/164,ME211,E,7/8/2022
E/15/164,ME209,B,2/15/2019
E/15/164,ME306,D+,11/26/2019
E/15/164,EE380,C,11/26/2019
E/15/164,ME306,E,2/10/2023
E/15/164,PR204,E,9/21/2022
E/15/164,PR509,C+,10/2/2020
E/15/164,PR515,C+,10/2/2020
E/15/197,EE380,A-,3/29/2022
E/15/197,EE280,B-,11/26/2019
E/15/197,PR204,B,11/26/2019
E/15/197,PR410,A+,3/8/2023
E/15/197,EM213,A,11/26/2019
E/15/197,PR316,A+,12/9/2021
E/15/197,PR205,A-,4/9/2021
E/15/197,CE301,B-,3/29/2022
E/15/197,ME213,B+,11/26/2019
E/15/197,EE281,B+,4/9/2021
E/15/197,EM527,A,12/9/2021
E/15/197,PR517,B+,3/8/2023
E/15/197,PR515,A,12/9/2021
E/15/197,ME321,C-,3/29/2022
E/15/197,PR315,A+,3/29/2022
E/15/197,PR516,A,3/8/2023
E/15/197,PR411,A+,2/10/2023
E/15/197,PR509,A-,12/9/2021
E/15/197,EM211,A,11/26/2019
E/15/197,CE207,B,4/9/2021
E/15/197,PR314,A,3/29/2022
E/15/197,ME302,A+,12/9/2021
E/15/197,ME209,B+,4/9/2021
E/15/197,ME211,C+,11/26/2019
E/15/197,PR408,B+,3/8/2023
E/15/197,PR404,B+,3/8/2023
E/15/197,PR317,A,12/9/2021
E/15/197,PR409,A,2/10/2023
E/15/197,PR206,B,4/9/2021
E/15/197,PR518,A-,2/10/2023
E/15/197,CE201,B,11/26/2019
E/15/197,EM212,A+,9/4/2021
E/16/029,EE380,C+,3/29/2022
E/16/029,PR515,C,2/10/2023
E/16/029,PR411,B,2/10/2023
E/16/029,CE201,C,7/8/2022
E/16/029,ME211,D+,11/26/2019
E/16/029,PR409,B+,2/10/2023
E/16/029,PR518,C,2/10/2023
E/16/029,CE201,D+,11/26/2019
E/16/029,PR315,B-,3/29/2022
E/16/029,PR314,C+,3/29/2022
E/16/029,CE301,B-,3/29/2022
E/16/029,EM211,D,11/26/2019
E/16/029,EE280,C,2/10/2023
E/16/029,ME302,B+,12/9/2021
E/16/029,EM213,C,7/8/2022
E/16/029,ME209,B,4/9/2021
E/16/029,EM212,A+,9/4/2021
E/16/029,PR316,C,12/9/2021
E/16/029,EE280,C-,11/26/2019
E/16/029,PR404,D+,3/8/2023
E/16/029,PR206,C,4/9/2021
E/16/029,EM211,C,9/21/2022
E/16/029,PR408,C+,3/8/2023
E/16/029,PR521,A,2/10/2023
E/16/029,EE281,B+,4/9/2021
E/16/029,EM527,A,12/9/2021
E/16/029,PR317,C+,12/9/2021
E/16/029,PR204,C+,11/26/2019
E/16/029,PR515,C-,12/9/2021
E/16/029,PR410,A-,3/8/2023
E/16/029,PR205,B+,4/9/2021
E/16/029,PR517,B-,3/8/2023
E/16/029,EM211,E,2/10/2023
E/16/029,EM213,E,11/26/2019
E/16/029,CE207,B-,4/9/2021
E/16/029,PR516,B-,7/31/2021
E/16/029,ME321,C,3/29/2022
E/16/029,ME213,C-,11/26/2019
E/16/045,EM212,A,9/4/2021
E/16/045,EE281,A-,4/9/2021
E/16/045,EM527,A+,12/9/2021
E/16/045,PR411,A,2/10/2023
E/16/045,PR206,A,4/9/2021
E/16/045,ME213,C,11/26/2019
E/16/045,PR404,A+,3/8/2023
E/16/045,ME211,C-,11/26/2019
E/16/045,EE280,B-,11/26/2019
E/16/045,EM524,A+,2/10/2023
E/16/045,CE301,B,3/29/2022
E/16/045,PR409,A+,2/10/2023
E/16/045,PR317,A+,12/9/2021
E/16/045,PR314,A-,3/29/2022
E/16/045,CE201,D+,11/26/2019
E/16/045,ME302,A+,12/9/2021
E/16/045,EE380,B-,3/29/2022
E/16/045,EM526,A+,3/29/2022
E/16/045,ME321,A-,3/29/2022
E/16/045,EM502,A,12/9/2021
E/16/045,PR205,A,4/9/2021
E/16/045,PR516,A,3/8/2023
E/16/045,EM211,A+,11/26/2019
E/16/045,PR410,A+,3/8/2023
E/16/045,CE207,A,4/9/2021
E/16/045,PR315,A-,3/29/2022
E/16/045,PR408,B,3/8/2023
E/16/045,PR509,A,12/9/2021
E/16/045,CE201,C,9/21/2022
E/16/045,PR316,A+,12/9/2021
E/16/045,ME209,A-,4/9/2021
E/16/045,ME211,C,7/8/2022
E/16/045,PR204,B-,11/26/2019
E/16/045,CE201,E,7/8/2022
E/16/045,EM213,B+,11/26/2019
E/16/084,PR410,B+,3/8/2023
E/16/084,EE280,B,11/26/2019
E/16/084,EM213,C,11/26/2019
E/16/084,PR314,B,3/29/2022
E/16/084,CE207,B+,4/9/2021
E/16/084,ME321,B+,3/29/2022
E/16/084,PR517,C+,3/8/2023
E/16/084,ME213,B+,11/26/2019
E/16/084,PR205,B+,4/9/2021
E/16/084,EM212,A-,9/4/2021
E/16/084,CE201,C,11/26/2019
E/16/084,EE380,B-,3/29/2022
E/16/084,ME211,E,7/8/2022
E/16/084,PR315,C,3/29/2022
E/16/084,EM211,A+,11/26/2019
E/16/084,PR516,C+,3/8/2023
E/16/084,ME209,B-,4/9/2021
E/16/084,ME302,A-,12/9/2021
E/16/084,PR411,B-,2/10/2023
E/16/084,PR409,B+,2/10/2023
E/16/084,PR204,B,11/26/2019
E/16/084,PR408,C,3/8/2023
E/16/084,ME211,C-,11/26/2019
E/16/084,PR515,B-,12/9/2021
E/16/084,EE281,C+,4/9/2021
E/16/084,PR206,C+,4/9/2021
E/16/084,CE301,D+,3/29/2022
E/16/084,PR513,A-,12/9/2021
E/16/084,PR316,B,12/9/2021
E/16/084,PR404,C,3/8/2023
E/16/084,EM527,C,3/8/2023
E/16/084,PR317,B-,12/9/2021
E/16/084,PR521,B+,2/10/2023
E/16/085,EE281,B,4/9/2021
E/16/085,EE380,C-,3/29/2022
E/16/085,PR521,B+,2/10/2023
E/16/085,EM211,B,11/26/2019
E/16/085,PR315,C-,3/29/2022
E/16/085,PR404,C,3/8/2023
E/16/085,PR516,C+,3/8/2023
E/16/085,EM527,C,3/8/2023
E/16/085,CE201,C,7/8/2022
E/16/085,PR206,C,4/9/2021
E/16/085,ME321,C,3/29/2022
E/16/085,PR205,B+,4/9/2021
E/16/085,PR515,B-,12/9/2021
E/16/085,PR410,B+,3/8/2023
E/16/085,CE301,C-,3/29/2022
E/16/085,PR316,B-,12/9/2021
E/16/085,CE207,B+,4/9/2021
E/16/085,PR204,B,11/26/2019
E/16/085,EM213,C+,11/26/2019
E/16/085,PR411,B-,2/10/2023
E/16/085,PR517,B-,3/8/2023
E/16/085,ME213,B+,11/26/2019
E/16/085,CE201,D+,11/26/2019
E/16/085,PR317,B,12/9/2021
E/16/085,EE280,C+,11/26/2019
E/16/085,PR315,C,9/19/2022
E/16/085,PR408,C-,3/8/2023
E/16/085,PR314,B-,3/29/2022
E/16/085,ME302,A-,12/9/2021
E/16/085,ME209,B,4/9/2021
E/16/085,ME211,C-,11/26/2019
E/16/085,EM212,A+,9/4/2021
E/16/085,PR513,B-,12/9/2021
E/16/085,PR409,B+,2/10/2023
E/16/109,PR410,B+,3/8/2023
E/16/109,EM211,A,11/26/2019
E/16/109,ME211,C-,11/26/2019
E/16/109,PR408,B-,3/8/2023
E/16/109,PR317,B,12/9/2021
E/16/109,ME211,C,7/8/2022
E/16/109,PR409,A-,2/10/2023
E/16/109,EM526,A,12/9/2021
E/16/109,EE380,B+,3/29/2022
E/16/109,EM527,A+,12/9/2021
E/16/109,EM212,A+,9/4/2021
E/16/109,PR509,B-,12/9/2021
E/16/109,CE207,B,4/9/2021
E/16/109,PR518,A-,2/10/2023
E/16/109,PR411,B,2/10/2023
E/16/109,PR205,A+,4/9/2021
E/16/109,ME302,B+,12/9/2021
E/16/109,PR515,B,12/9/2021
E/16/109,CE301,C+,3/29/2022
E/16/109,PR314,B+,3/29/2022
E/16/109,EE280,C-,11/26/2019
E/16/109,PR316,C,12/9/2021
E/16/109,ME213,C,11/26/2019
E/16/109,EM213,C+,11/26/2019
E/16/109,ME321,C-,3/29/2022
E/16/109,PR404,B-,3/8/2023
E/16/109,EE280,C,7/8/2022
E/16/109,CE201,C+,11/26/2019
E/16/109,PR204,B-,11/26/2019
E/16/109,PR315,B,3/29/2022
E/16/109,PR516,A-,3/8/2023
E/16/109,PR206,B-,4/9/2021
E/16/109,ME209,B,4/9/2021
E/16/109,EE281,B-,4/9/2021
E/16/113,PR317,C,12/9/2021
E/16/113,PR411,B+,2/10/2023
E/16/113,EM213,C,11/26/2019
E/16/113,EE380,C,3/29/2022
E/16/113,CE301,C,9/19/2022
E/16/150,EE281,B,4/9/2021
E/16/150,PR409,A,2/10/2023
E/16/150,PR314,B-,3/29/2022
E/16/150,PR404,C,3/8/2023
E/16/150,EE280,C,11/26/2019
E/16/150,PR316,A,12/9/2021
E/16/150,PR204,A-,11/26/2019
E/16/150,ME321,E,9/19/2022
E/16/150,ME302,B+,12/9/2021
E/16/150,PR521,A+,2/10/2023
E/16/150,PR515,A-,12/9/2021
E/16/150,EM211,B-,11/26/2019
E/16/150,CE301,E,9/19/2022
E/16/150,PR410,A+,3/8/2023
E/16/150,EM213,E,11/26/2019
E/16/150,EM212,A,9/4/2021
E/16/150,ME213,B,11/26/2019
E/16/150,CE301,C,2/10/2023
E/16/150,CE301,E,3/29/2022
E/16/150,CE201,D+,11/26/2019
E/16/150,PR317,A-,12/9/2021
E/16/150,ME209,B+,4/9/2021
E/16/150,ME211,C,11/26/2019
E/16/155,CE201,C,2/10/2023
E/16/155,EE280,D+,11/26/2019
E/16/155,ME321,C-,3/29/2022
E/16/155,CE201,D+,11/26/2019
E/16/155,EM212,A+,9/4/2021
E/16/155,ME213,C,11/26/2019
E/16/155,PR317,C-,12/9/2021
E/16/155,PR516,B+,3/8/2023
E/16/155,ME211,C,7/8/2022
E/16/155,EM213,E,11/26/2019
E/16/155,PR316,C+,12/9/2021
E/16/155,CE301,C,3/29/2022
E/16/155,EM213,C,9/21/2022
E/16/155,PR314,C+,3/29/2022
E/16/155,EE281,C,4/9/2021
E/16/155,ME302,B+,12/9/2021
E/16/155,PR206,C,4/8/2022
E/16/155,EM211,B,11/26/2019
E/16/155,PR404,D,3/8/2023
E/16/155,PR205,C-,4/9/2021
E/16/155,PR204,C,11/26/2019
E/16/155,PR515,C,12/9/2021
E/16/155,EM526,C,3/8/2023
E/16/155,CE207,E,4/9/2021
E/16/155,PR411,A+,2/10/2023
E/16/155,ME211,E,11/26/2019
E/16/155,PR517,B-,3/8/2023
E/16/155,EE280,C,2/10/2023
E/16/155,PR206,C-,4/9/2021
E/16/155,EM213,D,7/8/2022
E/16/155,EE380,C,3/29/2022
E/16/155,PR315,C+,3/29/2022
E/16/155,PR521,B+,2/10/2023
E/16/155,PR513,B-,12/9/2021
E/16/155,PR408,B-,3/8/2023
E/16/155,PR409,B+,2/10/2023
E/16/155,CE207,D,4/8/2022
E/16/155,ME209,B,4/9/2021
E/16/155,PR410,A+,3/8/2023
E/16/157,PR404,B,3/8/2023
E/16/157,EE281,B,4/9/2021
E/16/157,PR315,B-,3/29/2022
E/16/157,PR206,B-,4/9/2021
E/16/157,EM212,A,9/4/2021
E/16/157,PR513,B,12/9/2021
E/16/157,PR409,A-,2/10/2023
E/16/157,PR204,B-,11/26/2019
E/16/157,PR517,A-,3/8/2023
E/16/157,ME209,B+,4/9/2021
E/16/157,PR408,B,3/8/2023
E/16/157,PR317,B-,12/9/2021
E/16/157,PR314,A-,3/29/2022
E/16/157,PR516,A,3/8/2023
E/16/157,CE207,B+,4/9/2021
E/16/157,PR411,A,2/10/2023
E/16/157,PR509,B,12/9/2021
E/16/157,EE380,B-,3/29/2022
E/16/157,PR205,A,4/9/2021
E/16/157,ME211,B,11/26/2019
E/16/157,EM213,B,11/26/2019
E/16/157,PR519,A,3/8/2023
E/16/157,EM211,B,11/26/2019
E/16/157,EE280,C,11/26/2019
E/16/157,ME213,B+,11/26/2019
E/16/157,ME321,B,3/29/2022
E/16/157,CE201,C,11/26/2019
E/16/157,PR521,A,2/10/2023
E/16/157,ME302,A-,12/9/2021
E/16/157,PR316,B+,12/9/2021
E/16/157,CE301,B,3/29/2022
E/16/157,PR410,A-,3/8/2023
E/16/159,CO543,C,12/9/2021
E/16/159,ME209,B+,4/9/2021
E/16/159,PR314,B,3/29/2022
E/16/159,PR315,C,3/29/2022
E/16/159,EE281,C+,4/9/2021
E/16/159,CE301,C-,3/29/2022
E/16/159,EM211,A+,11/26/2019
E/16/159,CE207,B-,4/9/2021
E/16/159,PR410,A,3/8/2023
E/16/159,ME321,B-,3/29/2022
E/16/159,PR517,C+,3/8/2023
E/16/159,PR519,C+,3/8/2023
E/16/159,PR513,B-,12/9/2021
E/16/159,EE380,B-,3/29/2022
E/16/159,PR205,B+,4/9/2021
E/16/159,PR516,C+,3/8/2023
E/16/159,ME211,D,11/26/2019
E/16/159,EM213,C,11/26/2019
E/16/159,PR409,C+,2/10/2023
E/16/159,PR204,C,11/26/2019
E/16/159,EE280,B,11/26/2019
E/16/159,EM212,A+,9/4/2021
E/16/159,CE201,B,11/26/2019
E/16/159,ME302,B+,12/9/2021
E/16/159,PR509,B-,12/9/2021
E/16/159,ME211,C,7/8/2022
E/16/159,PR411,B+,2/10/2023
E/16/159,PR408,C+,3/8/2023
E/16/159,PR404,C-,3/8/2023
E/16/159,ME213,B+,11/26/2019
E/16/159,PR317,C,12/9/2021
E/16/159,PR206,C-,4/9/2021
E/16/159,PR316,C-,12/9/2021
E/16/198,PR509,B+,12/9/2021
E/16/198,EE380,A-,3/29/2022
E/16/198,PR409,B+,2/10/2023
E/16/198,PR404,A-,3/8/2023
E/16/198,EE280,B,11/26/2019
E/16/198,PR316,A-,12/9/2021
E/16/198,EE281,B+,4/9/2021
E/16/198,PR516,B+,3/8/2023
E/16/198,PR206,C+,4/9/2021
E/16/198,ME213,C+,11/26/2019
E/16/198,PR515,A-,12/9/2021
E/16/198,CE301,B+,3/29/2022
E/16/198,EM212,A+,9/4/2021
E/16/198,PR204,B-,11/26/2019
E/16/198,CE201,B-,11/26/2019
E/16/198,PR314,A-,3/29/2022
E/16/198,PR518,A-,2/10/2023
E/16/198,ME211,C+,11/26/2019
E/16/198,CE207,B,4/9/2021
E/16/198,EM211,A-,11/26/2019
E/16/198,EM526,A+,12/9/2021
E/16/198,PR410,B+,3/8/2023
E/16/198,PR408,A-,3/8/2023
E/16/198,PR205,A+,4/9/2021
E/16/198,ME209,B,4/9/2021
E/16/198,ME302,A-,12/9/2021
E/16/198,ME321,B+,3/29/2022
E/16/198,EM213,A-,11/26/2019
E/16/198,PR317,B,12/9/2021
E/16/198,PR315,A-,3/29/2022
E/16/198,PR411,B,2/10/2023
E/16/198,EM527,A,12/9/2021
E/16/208,ME213,B+,11/26/2019
E/16/208,PR316,B,12/9/2021
E/16/208,ME211,C+,11/26/2019
E/16/208,PR518,A,2/10/2023
E/16/208,EM213,A-,11/26/2019
E/16/208,PR204,A-,11/26/2019
E/16/208,PR317,A,12/9/2021
E/16/208,EM211,A-,11/26/2019
E/16/208,PR315,A-,3/29/2022
E/16/208,PR314,A-,3/29/2022
E/16/208,EM526,A+,3/29/2022
E/16/208,PR206,A-,4/9/2021
E/16/208,EE281,A,4/9/2021
E/16/208,ME321,A,3/29/2022
E/16/208,CE207,A-,4/9/2021
E/16/208,EM527,A+,12/9/2021
E/16/208,PR408,A-,3/8/2023
E/16/208,PR205,A-,4/9/2021
E/16/208,EM502,A,12/9/2021
E/16/208,ME209,B+,4/9/2021
E/16/208,PR410,A+,3/8/2023
E/16/208,ME302,A-,12/9/2021
E/16/208,EE380,B+,3/29/2022
E/16/208,PR411,A-,2/10/2023
E/16/208,CE301,C,3/29/2022
E/16/208,PR409,A,2/10/2023
E/16/208,EE280,B,11/26/2019
E/16/208,PR404,B+,3/8/2023
E/16/208,EM212,A+,9/4/2021
E/16/208,PR509,A+,12/9/2021
E/16/208,PR516,A,3/8/2023
E/16/208,CE201,C,11/26/2019
E/16/215,PR317,B,12/9/2021
E/16/215,PR206,C+,4/9/2021
E/16/215,PR515,B+,12/9/2021
E/16/215,PR316,B,12/9/2021
E/16/215,ME321,C+,3/29/2022
E/16/215,PR509,B,12/9/2021
E/16/215,ME302,A-,12/9/2021
E/16/215,EE380,C+,3/29/2022
E/16/215,EM527,A+,12/9/2021
E/16/215,EM211,C+,11/26/2019
E/16/215,PR205,B+,4/9/2021
E/16/215,EE281,B,4/9/2021
E/16/215,CE301,C+,3/29/2022
E/16/215,PR314,B,3/29/2022
E/16/215,PR408,B-,3/8/2023
E/16/215,PR411,A+,2/10/2023
E/16/215,PR521,A+,2/10/2023
E/16/215,PR315,B-,3/29/2022
E/16/215,ME213,C+,11/26/2019
E/16/215,EM213,C+,11/26/2019
E/16/215,ME209,B,4/9/2021
E/16/215,CE201,C,9/21/2022
E/16/215,ME211,E,11/26/2019
E/16/215,CE207,C,4/9/2021
E/16/215,PR517,B,3/8/2023
E/16/215,EE280,C-,11/26/2019
E/16/215,PR410,A+,3/8/2023
E/16/215,CE201,E,7/8/2022
E/16/215,EM212,A+,9/4/2021
E/16/215,PR204,B+,11/26/2019
E/16/215,PR409,A+,2/10/2023
E/16/215,CE201,C-,11/26/2019
E/16/215,PR404,B-,3/8/2023
E/16/215,ME211,C,7/8/2022
E/16/215,PR516,B+,3/8/2023
E/16/219,PR404,C,3/8/2023
E/16/219,PR513,C,12/9/2021
E/16/219,PR316,C-,2/10/2023
E/16/219,CO543,C,12/9/2021
E/16/219,EM212,A+,9/4/2021
E/16/219,EM213,C+,11/26/2019
E/16/219,PR411,A,2/10/2023
E/16/219,ME321,D+,9/19/2022
